:ID,title,doi,categories,abstract
1,"Using Neo4j in industrial messaging",,"db-cs net-cs","In this work has been explained conception of using graph database Neo4j in data transmissions of industrial system"
2,"New approach in web programming",,"web-cs","In this work has been developed new approach in web programming"
3,"Research of asymptotic properties of 4 dimensional Young diagrams",,"rep-math","Practically has been proofed some of asymptotic properties of 4 dimensional Young diagrams"
4,"Universal text analyzer",,"lan-cs","Has been developed universal text analyzer"
