,name:ID
0,Piedrafita
1,BESIII Collaboration  Y. Q. Wang
2,BESIII Collaboration  H. P. Huang
3,BESIII Collaboration  I. Uman
4,BESIII Collaboration  X. R. Lyu
5,J. Y. Zhang
6,BESIII Collaboration  J. M. Bian
7,BESIII Collaboration  S. Fegan
8,C. H. Heinz
9,S. Rangelov
10,Azcoiti
11,X. F. Wang
12,Erwin Laure
13,BESIII Collaboration  J. C. Li
14,L. Q. Qin
15,BESIII Collaboration  Y. Z. Sun
16,M. Z. Wang
17,IA UNAM  J. Torrealba
18,BESIII Collaboration  J. S. Lange
19,BESIII Collaboration  J. Y. Zhao
20,Y. T Tan
21,BESIII Collaboration  C. Dong
22,L. Q. Huang
23,BESIII Collaboration  E. H. Thorndike
24,K. Suda
25,Pierre Haen
26,Irfan Ul Haq
27,Haosheng Lin
28,BESIII Collaboration  M. Lv
29,T. Kawabata
30,BESIII Collaboration  R. G. Ping
31,C. X. Yue
32,BESIII Collaboration  J. Dong
33,BESIII Collaboration  T. Liu
34,D. Liu
35,BESIII Collaboration  S. G. Wang
36,Alonso
37,BESIII Collaboration  X. P. Qin
38,J. X. Teng
39,BESIII Collaboration  L. Yang
40,H. P. Wang
41,BESIII Collaboration  H. H. Zhang
42,BESIII Collaboration  X. Y. Ma
43,B. Tsednee
44,BESIII Collaboration  Z. Haddadi
45,M. Pelizaeus
46,BESIII Collaboration  G. F. Cao
47,Shulei Zhang
48,S. J. Chen
49,Daniele Durante
50,A. A. Zafar
51,BESIII Collaboration  Q. Gao
52,F. A. Harris
53,BESIII Collaboration  M. H. Gu
54,BESIII Collaboration  Z. Y. Peng
55,BESIII Collaboration  A. N. Zhu
56,BESIII Collaboration  L. Zhou
57,BESIII Collaboration  Fang Liu
58,Olaf Hartig
59,BESIII Collaboration  Y. Ban
60,BESIII Collaboration  Z. Y. Deng
61,University of Oregon  D. Strom
62,BESIII Collaboration  Z. Jiao
63,BESIII Collaboration  J. W. Zhang
64,Clément Dombry
65,Asghar Aryanfar
66,A. A. Terekhin
67,Benjamin Allaert
68,Eryk Schiller
69,Julio E. Castrillon-Candas
70,BESIII Collaboration  D. H. Wei
71,Anita
72,G. Paladin
73,16 and 11  M. Krause
74,N. Berger
75,BESIII Collaboration  V. Rodin
76,Thomas Weishaeupl
77,R. P. Guo
78,J. Pettersson
79,BESIII Collaboration  M. Destefanis
80,A. Yu. Semenov
81,BESIII Collaboration  T. Weber
82,Thomas Bohnert
83,N. F. Shul'ga
84,Y. K Sun
85,BESIII Collaboration  J. F. Sun
86,Gian-Luca Volpato
87,BESIII Collaboration  C. Sowa
88,BESIII Collaboration  P. W. Luo
89,BESIII Collaboration  X. A. Xiong
90,Ryan P. Browne
91,A. Mustafa
92,BESIII Collaboration  T. Johansson
93,BESIII Collaboration  X. Cai
94,Y. L. Fan
95,M. Wang
96,BESIII Collaboration  X. Q. He
97,16 and 11  E. Bourbeau
98,1 and 2  V. Chavushyan
99,C. L. Luo
100,BESIII Collaboration  P. Larin
101,A. A. Dossayeva
102,16 and 11  G. T. Richards
103,BESIII Collaboration  D. X. Lin
104,L. H. Wu
105,Yang Zhang
106,J. Y. Zhao
107,S. Y. Xiao
108,Q. Liu
109,Chandra Chekuri
110,BESIII Collaboration  X. P. Xu
111,L. Zhou
112,H. Zhang
113,Y. Pan
114,BESIII Collaboration  S. Schumann
115,Y. Ban
116,Mounir Boukahil
117,B. Liu
118,BESIII Collaboration  Y. H. Zheng
119,Jiachen Zhang
120,Giulia Bampa
121,BESIII Collaboration  W. Kühn
122,S. L. Olsen
123,I. A. Semenova
124,BESIII Collaboration  Z. H. Wang
125,Fang Liu
126,Haavard Rue
127,R. Q. Ma
128,A. Zhemchugov
129,W. -B. Qian
130,BESIII Collaboration  Y. G. Xie
131,M. Y. Dong
132,BESIII Collaboration  D. Bettoni
133,A. D. Kovalenko
134,Huihui Liu
135,F. De~Mori
136,William C. Livingston
137,G. Chen
138,Alexander Stukowski
139,V. F. Peresedov
140,T. A. Vasiliev
141,M. Rump
142,A. Tamii
143,Yuxiao Li
144,Wanfang Chen
145,Y. T. Gu
146,George Turkiyyah
147,S. N. Bazylev
148,Tatsuma D. Matsuda
149,BESIII Collaboration  K. Schoenning
150,I. Denysenko
151,W. B. Yan
152,Y. Gao
153,X. N. Ma
154,R. Kappert
155,BESIII Collaboration  T. Hu
156,X. L. Gao
157,BESIII Collaboration  W. Cheng
158,BESIII Collaboration  B. Y. Zhang
159,Boris P. Komrakov
160,A. Pathak
161,Valentin Martinez Pillet
162,Jianyu Zhang
163,BESIII Collaboration  B. Zheng
164,S. Janchiv
165,Y. Nefedov
166,Y. F. Liang
167,16 and 11  A. Popkow
168,Ying Sun
169,A. Sarantsev
170,for the IceCube Collaboration  Florian Rothmaier
171,X. Wu
172,X. H. Xie
173,BESIII Collaboration  Z. A. Liu
174,Yue Zhao
175,J. Tyler
176,BESIII Collaboration  Y. B. Zhao
177,BESIII Collaboration  J. Chen
178,X. D. Zhang
179,S. Q. Qu
180,O. B. Kolcu
181,Erich Schikuta
182,Mathieu Ribatet
183,X. Pan
184,Chen-Hsi Huang
185,Slobodan Mitrović
186,Minh Dang
187,BESIII Collaboration  H. L. Ren
188,BESIII Collaboration  F. Yan
189,BESIII Collaboration  D. M. Li
190,Paul Schuck
191,Y. H. Yang
192,BESIII Collaboration  M. Qi
193,Francisco J. Rubio
194,BESIII Collaboration  S. Malde
195,University of Oregon  J. Brau
196,M. M. Ma
197,J. L. Ping
198,Jiawei Zhang
199,T. Y. Xing
200,G. S. Huang
201,BESIII Collaboration  X. K. Chu
202,Michael Thomas
203,V. V. Fimushkin
204,BESIII Collaboration  L. Yan
205,J. C. Li
206,V. Matousek
207,X. L. Zhu
208,H. B. Li
209,D. C. Shan
210,b
211,BESIII Collaboration  M. Tiemens
212,Paul Millar
213,Jaehong Jeong
214,BESIII Collaboration  H. B. Li
215,BESIII Collaboration  R. Kliemt
216,Ruiz Lorenzo
217,f
218,Sepideh Mahabadi
219,Yale University  D. Rabinovich
220,BESIII Collaboration  S. Nakhoul
221,H. Qi
222,BESIII Collaboration  T. . Y. Qi
223,C. F. Redmer
224,Y. Shen
225,BESIII Collaboration  K. Zhang
226,BESIII Collaboration  F. Weidner
227,BESIII Collaboration  Z. L. Dou
228,Anders Aamand
229,X. L. Luo
230,J. W. Zhang
231,G. Weimann
232,O. Mazzella
233,M. N. Achasov
234,Amanda Lenzi
235,BESIII Collaboration  Y. R. Hou
236,H. B. Liu
237,BESIII Collaboration  R. X. Yang
238,Yu. T. Borzounov
239,BESIII Collaboration  D. Wang
240,Masashi Arita
241,Jung Hoon Han
242,Zhi Yang
243,J. S. Lange
244,Christoph Grunau
245,Guangyi Zhang
246,Y. P. Lu
247,F. Li
248,BESIII Collaboration  X. R. Chen
249,K. Y. Liu
250,S. Han
251,BESIII Collaboration  Yifan Yang
252,BESIII Collaboration  Z. J. Xiao
253,G. Chelkov
254,BESIII Collaboration  Xu Zhou
255,BESIII Collaboration  H. R. Qi
256,BESIII Collaboration  W. J. Zheng
257,Y. T. Zhang
258,Weisheng Si
259,K. H. Qi
260,C. X. Liu
261,BESIII Collaboration  X. Q. Hao
262,G. Y. Tang
263,S. Maldaner
264,J. L. Liu
265,16 and 11  J. H. Buckley
266,16 and 11  A. W. Smith
267,BESIII Collaboration  X. B. Ji
268,Y. R. Hou
269,J. B. Liu
270,X. Cai
271,BESIII Collaboration  Y. K Sun
272,BESIII Collaboration  G. Li
273,BESIII Collaboration  Zhiqing Liu
274,David Cameron
275,F. C. Ma
276,D. Lipchinski
277,B. Garillon
278,Celia Reina
279,BESIII Collaboration  R. Q. Lu
280,Timofey Frolov
281,Helmut Wanek
282,G. F. Xu
283,D. M. Li
284,M. Irshad
285,Pierre Tirilly
286,W. M. Song
287,Y. H. Zheng
288,Z. H. Zhang
289,R. S. Shi
290,Sameh Abdulah
291,16 and 11  C. Rulten
292,Pablo Barceló
293,16 and 11  M. Cerruti
294,Nitish Korula
295,16 and 11  R. Bird
296,N. Cao
297,Y. C. Zhu
298,V. V. Syshchenko
299,R. Poling
300,BESIII Collaboration  J. B. Jiao
301,BESIII Collaboration  B. Zhong
302,J. V. Bennett
303,Q. M. Ma
304,BESIII Collaboration  Q. Liu
305,J. P. Dai
306,Alaa Alsaqa
307,J. Libby
308,Y. F. Long
309,C. Herold
310,H. Xiao
311,BESIII Collaboration  J. Fang
312,J. S. Li
313,BESIII Collaboration  D. Liu
314,Sylvain Queyreau
315,M. G. Kurth
316,Placi Flury
317,16 and 11  J. Holder
318,Sigve Haug
319,G. R. Liao
320,T. Liu
321,M. Shao
322,L. Fava
323,BESIII Collaboration  W. X. Gong
324,BESIII Collaboration  Y. C. Zhu
325,BESIII Collaboration  H. Cai
326,BESIII Collaboration  S. Zhu
327,Jinhee Han
328,BESIII Collaboration  P. Patteri
329,BESIII Collaboration  D. W. Bennett
330,Ravi Tej Akella
331,Peter Kunszt
332,BESIII Collaboration  J. Liu
333,Ian Willers
334,A. Bortone
335,BESIII Collaboration  C. X. Lin
336,F. Cossio
337,BESIII Collaboration  Z. Y. Wang
338,BESIII Collaboration  S. S. Fang
339,Y. G. Gao
340,BESIII Collaboration  M. Greco
341,BESIII Collaboration  H. J. Li
342,BESIII Collaboration  J. C. Chen
343,16 and 11  T. Brantseg
344,V. A. Kuznetsov
345,BESIII Collaboration  E. M. Gersabeck
346,Z. J Chen
347,C. P. Shen
348,A. Denig
349,A. V. Tishevsky
350,BESIII Collaboration  Yu Zhang
351,BESIII Collaboration  Z. Y. Zhang
352,Arash Termehchy
353,A. Yu. Isupov
354,Y. S. Zhu
355,BESIII Collaboration  X. Y. Jiang
356,S. P. Wen
357,Gema Ramírez-Sánchez
358,Dierk Raabe
359,Almerina Jamakovic-Kapic
360,F. F. An
361,16 and 11  D. Kieda
362,Y. X. Tan
363,H. W. Wen
364,K. Itoh
365,BESIII Collaboration  Z. P. Zhang
366,Mikaël Monet
367,BESIII Collaboration  Zhiqiang Liu
368,Riccardo Murri
369,Heinz Stockinger
370,Elisabeth Vinek
371,BESIII Collaboration  K. J. Li
372,Winfried Leidemann
373,X. Zhou
374,BESIII Collaboration  Y. F. Wang
375,BESIII Collaboration  H. Y. Chen
376,BESIII Collaboration  Y. Yuan
377,BESIII Collaboration  H. W. Wen
378,P. L. Liu
379,BESIII Collaboration  V. Santoro
380,BESIII Collaboration  K. Moriya
381,BESIII Collaboration  Ch. Rosner
382,C. C. Zhang
383,BESIII Collaboration  Lei Zhao
384,S. S. Fang
385,BESIII Collaboration  S. Nisar
386,P. Weidenkaff
387,Martinez
388,BESIII Collaboration  Y. G. Gao
389,BESIII Collaboration  F. E. Maas
390,C. J. Tang
391,Flavia Donno
392,BESIII Collaboration  Y. Ding
393,V. K. Bondarev
394,S. M. Piyadin
395,BESIII Collaboration  Lei Li
396,K. Zhu
397,BESIII Collaboration  C. P. Shen
398,BESIII Collaboration  X. Liu
399,BESIII Collaboration  L. K. Li
400,BESIII Collaboration  C. Geng
401,J. S. Yu
402,BESIII Collaboration  E. E. Eren
403,V. Thoren
404,J. F. Qiu
405,Z. Y. Li
406,BESIII Collaboration  M. Y. Dong
407,BESIII Collaboration  I. Garzia
408,BESIII Collaboration  H. L. Ma
409,lesmes
410,M. E. Manley
411,BESIII Collaboration  Y. B. Chen
412,A. A. Kartamyshev
413,S. Spataro
414,BESIII Collaboration  T. Holtmann
415,P. L. Li
416,Y. H. Zhang
417,M. Himmelreich
418,BESIII Collaboration  X. Y. Shen
419,16 and 11  D. Nieto
420,BESIII Collaboration  H. S. Chen
421,Yan Zhang
422,William Bell
423,J. Zhuang
424,Y. Y. Wang
425,M. X. Luo
426,I. I. Solovyev
427,Paul Erhart
428,V. V. Arkhipov
429,16 and 11  J. Grube
430,BESIII Collaboration  X. Y. Liu
431,L. Lavezzi
432,Arunav Pratap Shandeelya
433,J. Urban
434,BESIII Collaboration  M. Rump
435,BESIII Collaboration  J. W. Li
436,D. Y. Wang
437,A. Rivetti
438,T. Luo
439,H. Cai
440,J. F. Hu
441,C. M. Bernal
442,BESIII Collaboration  J. Zhang
443,16 and 11  P. Kar
444,16 and 11  I. Telezhinsky
445,16 and 11  K. Ragan
446,Q. Ji
447,T. J. Zhu
448,for the IceCube Collaboration  Henrike Wissing
449,BESIII Collaboration  D. Dedovich
450,A. G. Litvinenko
451,BESIII Collaboration  A. Yuncu
452,Kyung Dong Lee
453,Lukas Restrepo Suárez
454,H. K. Sun
455,BESIII Collaboration  Z. L. Huang
456,BESIII Collaboration  R. Baldini Ferroli
457,BESIII Collaboration  J. P. Liu
458,B. J. Liu
459,BESIII Collaboration  C. X. Yu
460,G. D. Stoletov
461,X. T. Huang
462,A. Mangoni
463,16 and 11  A. Geringer-Sameth
464,BESIII Collaboration  I. K. Keshk
465,BESIII Collaboration  J. V. Bennett
466,J. Y. Liu
467,16 and 11  E. Roache
468,for the IceCube Collaboration  Matt Simmons
469,BESIII Collaboration  S. L. Yang
470,S. Malde
471,JPL-Caltech  P. F. Goldsmith
472,BESIII Collaboration  M. H. Ye
473,Trey Weber
474,T. Held
475,B. Zheng
476,L. Zhang
477,X. N. Li
478,Philip G. Judge
479,Boyan Bonev
480,Raviteja Rekula
481,K. H. Rashid
482,A. Q. Guo
483,BESIII Collaboration  T. Luo
484,Jingfang Huang
485,X. D Shi
486,BESIII Collaboration  C. J. Tang
487,BESIII Collaboration  C. F. Redmer
488,Bernardo Subercaseaux
489,M. Morhach
490,S. J. Zhao
491,Z. Y. Deng
492,BESIII Collaboration  K. Goetzen
493,BESIII Collaboration  X. F. Cui
494,Michael Sherman
495,BESIII Collaboration  L. P. Zhou
496,Z. P. Zhang
497,BESIII Collaboration  H. B. Liu
498,A. Lavania
499,BESIII Collaboration  H. L. Dai
500,Ziyi Wang
501,G. Li
502,BESIII Collaboration  P. L. Chen
503,Romain Belmonte
504,BESIII Collaboration  S. Gu
505,J. Biernat
506,Tiejun Tong
507,BESIII Collaboration  L. Zhang
508,M. Alekseev
509,BESIII Collaboration  X. Zhou
510,BESIII Collaboration  R. A. Briere
511,BESIII Collaboration  Y. Schelhaas
512,A. Wixforth
513,J. L. Li
514,L. B. Guo
515,V. V. Peresedov
516,Krzysztof Onak
517,BESIII Collaboration  L. G. Xia
518,H. Flohr
519,VERITAS Collaboration
520,L. B. Golovanov
521,Huanhuan Liu
522,BESIII Collaboration  M. Shao
523,BESIII Collaboration  M. L. Chen
524,BESIII Collaboration  Yao Zhang
525,BESIII Collaboration  Z. Ning
526,S. Marcello
527,k
528,R. Kliemt
529,M. Fritsch
530,S. B. Liu
531,IA UNAM  A. Franco-Balderas
532,BESIII Collaboration  A. Kupsc
533,Raphaël Huser
534,Heng Zhang
535,BESIII Collaboration  M. Bertani
536,BESIII Collaboration  S. Ahmed
537,l
538,S. Nakhoul
539,A. N. Cleland
540,Alexandra Tritschler
541,BESIII Collaboration  B. C. Ke
542,David Abrams
543,Z. P. Mao
544,Yiping Hong
545,BESIII Collaboration  J. Z. Fan
546,G. Wilkinson
547,Y. J. Mo
548,Q. P. Ji
549,F. H. Heinsius
550,B. Zhong
551,H. Leithoff
552,BESIII Collaboration  M. Ablikim
553,Zongyuan Wang
554,Piotr Indyk
555,Israel Martínez-Hernández
556,Masaki Taniguchi
557,H. Y. Zhang
558,Ganggang Xu
559,1 and 2  M. Ansmann
560,J. H. Yin
561,BESIII Collaboration  Y. H. Xie
562,Sergio Maffioletti
563,S. Gu
564,W. G. Dwyer
565,BESIII Collaboration  J. S. Huang
566,BESIII Collaboration  R. Kiuchi
567,BESIII Collaboration  X. S. Kang
568,BESIII Collaboration  P. L. Li
569,BESIII Collaboration  M. Ullrich
570,X. C. Lou
571,BESIII Collaboration  F. Y. Li
572,Y. H. Xie
573,Hyoung Joon Choi
574,D. O. Krivenkov
575,BESIII Collaboration  J. P. Zheng
576,H. Liang
577,C. Morales Morales
578,BESIII Collaboration  X. Y. Zhang
579,BESIII Collaboration  L. W. Jiang
580,H. J. Wang
581,P. K. Kurilkin
582,Jonathan Giddy
583,R. B. de Boer
584,16 and 11  M. J. Lang
585,Y. H. Tan
586,Rivero
587,BESIII Collaboration  K. H. Rashid
588,Anak Yodpinyanee
589,BESIII Collaboration  W. C. Yan
590,M. Savrié
591,Y. Hu
592,BESIII Collaboration  X. L. Gao
593,BESIII Collaboration  K. J. Zhu
594,BESIII Collaboration  C. Leng
595,BESIII Collaboration  J. Z. Zhao
596,BESIII Collaboration  V. Prasad
597,B. Zitzer
598,BESIII Collaboration  M. Savri\\é
599,BESIII Collaboration  L. D. Liu
600,BESIII Collaboration  M. Kuemmel
601,A. O. Sidorin
602,G. X. Sun
603,Kurt Stockinger
604,S. Trépanier
605,BESIII Collaboration  G. Rong
606,BESIII Collaboration  A. A. Zafar
607,16 and 11  W. Benbow
608,BESIII Collaboration  X. Q. Yuan
609,BESIII Collaboration  H. J. Lu
610,Y. Satou
611,C. Rocke
612,J. T. Karachuk
613,N. Yu. Muchnoi
614,16 and 11  R. A. Ong
615,L. L. Ma
616,Baruch Schieber
617,BESIII Collaboration  Q. Ji
618,W. Gradl
619,G. Chelkov{
620,C. H. Li
621,Xiaoyu Zhou
622,H. M. Hu
623,BESIII Collaboration  F. Nerling
624,BESIII Collaboration  X. D. Ruan
625,F. Nerling
626,Hatem Ltaief
627,BESIII Collaboration  Y. Hu
628,BESIII Collaboration  L. M. Gu
629,A. D. O'Connell
630,BESIII Collaboration  P. Kiese
631,16 and 11  P. Moriarty
632,A. V. Butenko
633,Jessica Díaz
634,BESIII Collaboration  M. Kuessner
635,BESIII Collaboration  I. Balossino
636,BESIII Collaboration  C. X. Liu
637,16 and 11  K. Shahinyan
638,H. L. Dai
639,Jian Cao
640,R. X. Yang
641,Z. Wu
642,Andre Lucas
643,J. F. Wu
644,1 and 2  N. Katz
645,BESIII Collaboration  X. Y. Niu
646,W. X. Gong
647,A. Dbeyssi
648,BESIII Collaboration  W. B. Yan
649,Bo Li
650,Y. T. Liang
651,BESIII Collaboration  R. Poling
652,Mark R. Gilbert
653,X. Shi
654,K. Wang
655,BESIII Collaboration  Y. H. Yan
656,Tomas Oppelstrup
657,Vasily V. Bulatov
658,16 and 11  S. Archambault
659,P. Tosi
660,S. F. Zhang
661,JPL-Caltech  T. Velusamy
662,M. Hatano
663,V. N. Zhmyrov
664,BESIII Collaboration  H. Leithoff
665,Enrique Martinez
666,BESIII Collaboration  F. Feldbauer
667,P. G. Akishin
668,BESIII Collaboration  S. A. Cetin
669,X. X. Ma
670,BESIII Collaboration  J. Pellegrino
671,Fuhui Fang
672,BESIII Collaboration  Z. Zeng
673,Matthew Neeley
674,R. A. Briere
675,BESIII Collaboration  G. Felici
676,BESIII Collaboration  Q. J. Xu
677,BESIII Collaboration  R. M. Wang
678,BESIII Collaboration  Y. Zeng
679,Zonghui Yao
680,Tianrui Liu
681,16 and 11  S. McArthur
682,T. Ohnishi
683,BESIII Collaboration  H. P. Peng
684,BESIII Collaboration  X. C. Ai
685,Briséïs Castella
686,Arnold Kuzniar
687,D. P. Jin
688,J. Min
689,BESIII Collaboration  Y. Gao
690,F. E. Maas
691,BESIII Collaboration  X. Shi
692,BESIII Collaboration  C. Hu
693,BESIII Collaboration  L. Xu
694,W. Yuan
695,BESIII Collaboration  L. L. Wang
696,Leanne Guy
697,BESIII Collaboration  A. Amoroso
698,K. Sekiguchi
699,L. Wollenberg
700,H. S. Sang
701,John F. Nagle
702,BESIII Collaboration  Z. H. Zhang
703,Lei Li
704,BESIII Collaboration  T. J. Min
705,BESIII Collaboration  C. L. Luo
706,1 and 2  M. Hofheinz
707,L. Xu
708,A. Pitka
709,BESIII Collaboration  W. Shan
710,BESIII Collaboration  T. C. Zhao
711,BESIII Collaboration  L. J. Wu
712,BESIII Collaboration  W. Xu
713,Ioan Marius Bilasco
714,BESIII Collaboration  Z. T. Sun
715,BESIII Collaboration  Z. H. Qin
716,BESIII Collaboration  Y. J. Lin
717,Thomas A. Schad
718,Giuseppe Andronico
719,N. Kalantar-Nayestanaki
720,Jaime Marian
721,W. G. Li
722,BESIII Collaboration  X. L. Li
723,BESIII Collaboration  X. X. Liu
724,i
725,BESIII Collaboration  Y. M. Ma
726,Stefano Castruccio
727,I. Turzo
728,V. A. Kuznezov
729,BESIII Collaboration  A. Calcaterra
730,BESIII Collaboration  K. Liu
731,Sabrina Vettori
732,X. H. Sun
733,B. Fultz
734,H. S. Chen
735,M. H. Liu
736,H. Arenhövel
737,BESIII Collaboration  I. Denysenko
738,BESIII Collaboration  J. H. Yin
739,Y. X. Song
740,T. Weber
741,L. S. Wang
742,BESIII Collaboration  L. Q. Qin
743,L. L. Wang
744,M. G. Zhao
745,Y. Fu
746,BESIII Collaboration  B. Garillon
747,BESIII Collaboration  L. Zotti
748,Ya. T. Skhomenko
749,BESIII Collaboration  X. H. Li
750,W. P. Wang
751,X. R. Chen
752,16 and 11  C. A. Johnson
753,Paola Crippa
754,Eric Ressouche
755,BESIII Collaboration  Q. M. Ma
756,for the IceCube Collaboration  Paolo Desiati
757,David P. Woodruff
758,S. S. Sun
759,Z. Q. Yang
760,BESIII Collaboration  K. Zhu
761,BESIII Collaboration  Zongyuan Wang
762,K. Yako
763,M. Janek
764,BESIII Collaboration  J. F. Hu
765,Mark Gilbert
766,S. G. Reznikov
767,Changyoung Kim
768,BESIII Collaboration  T. Y. Qi
769,BESIII collaboration
770,16 and 11  Q. Feng
771,P. Patteri
772,A. S. Kiselev
773,D. Y. Chen
774,16 and 11  M. P. Connolly
775,BESIII Collaboration  D. P. Jin
776,Simin Liu
777,BESIII Collaboration  Zhi Yang
778,Liam Malone
779,George M. Turkiyyah
780,Y. Sasamoto
781,BESIII Collaboration  L. Y. Dong
782,BESIII Collaboration  S. Pacetti
783,Y. Jin
784,BESIII Collaboration  J. Min
785,"INT, Seattle  Thomas Schaefer"
786,BESIII Collaboration  B. Tsednee
787,X. F. Cui
788,Andrew van der Poel
789,Z. Y. Yuan
790,BESIII Collaboration  X. Tang
791,I. Uman
792,L. Xia
793,BESIII Collaboration  S. Q. Qu
794,BESIII Collaboration  Ling Zhao
795,for the IceCube Collaboration  Dominick Rocco
796,C. Q. Feng
797,BESIII Collaboration  Q. Zhou
798,BESIII Collaboration  J. G. Lu
799,E. M. Gersabeck
800,J. S. Huang
801,L. Z. Liao
802,R. E. de Boer
803,Yang Yuan
804,Z. A. Liu
805,BESIII Collaboration  H. W. Yu
806,P. X. Shen
807,Chaabane Djeraba
808,J. Z. Zhao
809,M. Kavatsyuk
810,Shahzad Muzaffar
811,16 and 11  M. Santander
812,S. V. Afanasiev
813,K. Peters
814,M. A. Shikhalev
815,BESIII Collaboration  Z. B. Li
816,BESIII Collaboration  Y. Nefedov
817,J. Z. Fan
818,C. Geng
819,P. Larin
820,J. Nishikawa
821,BESIII Collaboration  Y. K. Heng
822,T. C. Zhao
823,BESIII Collaboration  C. Zhang
824,BESIII Collaboration  Y. Jin
825,Thomas Fürle
826,Ryszard Szwarc
827,J. Zhang
828,J. Z. Zhang
829,A. S. Belov
830,BESIII Collaboration  Q. An
831,Yodsawalai Chodpathumwan
832,BESIII Collaboration  J. H. Zou
833,BESIII Collaboration  L. Fava
834,c}
835,Jordan T. Bishop
836,Yu Zhang
837,JPL-Caltech  W. D. Langer
838,M. Bertani
839,Y. Yuan
840,BESIII Collaboration  S. J. Zhao
841,BESIII Collaboration  Y. J. Sun
842,BESIII Collaboration  F. F. Sui
843,X. L. Lu
844,M. Kuemmel
845,V. I. Dronik
846,M. H. Ye
847,BESIII Collaboration  K. L. He
848,Akos Frohner
849,M. Rolo
850,BESIII Collaboration  M. Ye
851,B. L. Wang
852,BESIII Collaboration  Z. P. Mao
853,M. Kuessner
854,BESIII Collaboration  Y. Fu
855,BESIII Collaboration  C. C. Zhang
856,BESIII Collaboration  F. A. Harris
857,BESIII Collaboration  B. X. Yu
858,BESIII Collaboration  H. M. Liu
859,Iniguez
860,BESIII Collaboration  Meng Wang
861,BESIII Collaboration  B. Liu
862,BESIII Collaboration  Y. N. Zhang
863,BESIII Collaboration  T. Yu
864,BESIII Collaboration  W. Imoehl
865,Z. T. Sun
866,BESIII Collaboration  A. Rivetti
867,BESIII Collaboration  W. K\ühn
868,Y. B. Liu
869,C. Sowa
870,Y. Xia
871,BESIII Collaboration  W. Wang
872,B. X. Zhang
873,John M. Martinis
874,V. P. Ladygin
875,BESIII Collaboration  I. Tapan
876,P. Kiese
877,C. Li
878,J. P. Zheng
879,BESIII Collaboration  X. D Shi
880,X. Q. Yuan
881,BESIII Collaboration  X. X. Ma
882,BESIII Collaboration  F. C. Ma
883,BESIII Collaboration  G. Cibinetto
884,H. Wang
885,BESIII Collaboration  J. J. Zhang
886,IA UNAM  E. Benitez
887,BESIII Collaboration  M. Savrié
888,Z. Y. Zhang
889,Yulin Wan
890,Oliver Jorns
891,BESIII Collaboration  S. Y. Xiao
892,X. B. Ji
893,BESIII Collaboration  J. F. Qiu
894,Bernardo Tabuenca
895,BESIII Collaboration  N. Yu. Muchnoi
896,Kenya Shimada
897,Y. Ding
898,BESIII Collaboration  A. Zallo
899,BESIII Collaboration  J. G. Messchendorp
900,16 and 11  T. T. Y. Lin
901,BESIII Collaboration  X. H. Mo
902,I. B. Nikolaev
903,BESIII Collaboration  T. Khan
904,Meng Wang
905,I. K. Keshk
906,F. De Mori
907,H. J. Yang
908,B. Y. Zhang
909,BESIII Collaboration  Huanhuan Liu
910,X. L. Wang
911,BESIII Collaboration  O. Bakina
912,BESIII Collaboration  X. L. Ji
913,J. H. Zou
914,Andrew Alvarado
915,BESIII Collaboration  X. Z. Huang
916,Y. B. Chen
917,B. Kopf
918,JPL-Caltech  K. Willacy
919,Constanza Fierro
920,16 and 11  N. Kelley-Hoskins
921,K. Ravindran
922,C. W. Wang
923,BESIII Collaboration  L. L. Ma
924,P. P. Su
925,Anthony C. Davison
926,J Biernat
927,BESIII Collaboration  M. Lara
928,BESIII Collaboration  Z. L. Hou
929,BESIII Collaboration  Z. Q. Yang
930,H. B. Jiang
931,BESIII Collaboration  Z. Wang
932,Z. Ning
933,W. M. Liu
934,C. Z. Yuan
935,Y. J. Lin
936,G. Filipov
937,D. H. Wei
938,J. J. Lane
939,Kenneth P. Bowman
940,A. Yuncu
941,BESIII Collaboration  Y. Huang
942,Xu Yan
943,J. G. Lu
944,BESIII Collaboration  A. Gilman
945,N. Huesken
946,Pierre Falez
947,Sabah Al Fedaghi
948,BESIII Collaboration  X. Y. Shan
949,L. J. Wu
950,BESIII Collaboration  X. Fang
951,Zhiqing Liu
952,Q. Zhao
953,Markus Eurich
954,16 and 11  M. Buchovecky
955,BESIII Collaboration  G. Chen
956,BESIII Collaboration  Y. X. Yang
957,Marcus Gallagher
958,BESIII Collaboration  Q. Y. Li
959,X. Q. Hao
960,BESIII Collaboration  C. Z. Yuan
961,J. Dong
962,A. N. Livanov
963,BESIII Collaboration  L. Lavezzi
964,BESIII Collaboration  G. R. Liao
965,Yuan Yan
966,16 and 11  D. Hanna
967,J. D. Lu
968,S. Ahmed
969,Simon Leinen
970,BESIII Collaboration  Z. A. Zhu
971,A. B. Kurepin
972,V. A. Krasnov
973,BESIII Collaboration  X. Q. Li
974,BESIII Collaboration  Y. T. Gu
975,16 and 11  A. Archer
976,L. Koch
977,Z. J. Xiao
978,Hernando Ombao
979,Indrajith. V. S
980,X. Tang
981,J. W. Zhao
982,F. F. Sui
983,BESIII Collaboration  J. Zhao
984,Yoon Young Koh
985,BESIII Collaboration  W. M. Song
986,Tomas Mrkvicka
987,David Rivera
988,Carley Paulsen
989,BESIII Collaboration  X. S. Jiang
990,16 and 11  J. Quinn
991,Q. Gao
992,I. UmanD
993,R. Sankaranarayanan
994,M. Maggiora
995,BESIII Collaboration  W. J. Zhu
996,BESIII Collaboration  M. Alekseev
997,Cruz
998,BESIII Collaboration  X. N. Ma
999,Christoph Löffelhardt
1000,Z. Y. You
1001,BESIII Collaboration  J. Y. Zhang
1002,A. Gilman
1003,Z. G. Zhao
1004,Alina Ene
1005,C. X. Yu
1006,BESIII Collaboration  X. K. Zhou
1007,L. Yang
1008,X. S. Jiang
1009,V. S. Volkov
1010,Z. B. Li
1011,BESIII Collaboration  Y. Zhang
1012,Christoph Witzany
1013,Ling Zhao
1014,BESIII Collaboration  L. Z. Liao
1015,R. G. Ping
1016,Y. J. Sun
1017,Stephane Raymond
1018,Adelchi Azzalini
1019,BESIII Collaboration  J. Pettersson
1020,BESIII Collaboration  J. B. Wei
1021,BESIII Collaboration  S. B. Liu
1022,T. Hu
1023,BESIII Collaboration  S. P. Wen
1024,BESIII Collaboration  Y. J. Mo
1025,BESIII Collaboration  L. L. Jiang
1026,P. W. Luo
1027,V. De Rubeis
1028,J. J. Xu
1029,BESIII Collaboration  Y. B. Liu
1030,Y. G. Xie
1031,J. J. Zhang
1032,BESIII Collaboration  B. Wang
1033,BESIII Collaboration  H. L. Jiang
1034,BESIII Collaboration  X. L. Zhu
1035,J. P. Kotthaus
1036,BESIII Collaboration  L. B. Guo
1037,Yinan Cui
1038,X. Y. Zhang
1039,BESIII Collaboration  Y. J. Mao
1040,A. Khoukaz
1041,Quanquan C. Liu
1042,BESIII Collaboration  X. N. Li
1043,BESIII Collaboration  L. H. Wu
1044,Paul R Monasterio
1045,Marc Robinson-Rechavi
1046,Arshad Ali
1047,Arturs Backurs
1048,BESIII Collaboration  B. J. Liu
1049,Z. A. Zhu
1050,Cheng Li
1051,C. F. Qiao
1052,Christian Beck
1053,Qiang Zhu
1054,Y. X. Zhao
1055,Y. M. Ma
1056,R. Kiuchi
1057,BESIII Collaboration  Y. F. Liang
1058,Lei Zhao
1059,Z. Huang
1060,F. Yan
1061,S. N. Baibekov
1062,Y. Zheng
1063,BESIII Collaboration  Yaqian Wang
1064,C. Dong
1065,BESIII Collaboration  Kang Li
1066,BESIII Collaboration  D. H. Zhang
1067,S. A. Cetin
1068,J. Zhao
1069,BESIII Collaboration  Huihui Liu
1070,L. Q. Zhang
1071,16 and 11  M. Hütten
1072,X Sun
1073,I. Garzia
1074,Erik D. Demaine
1075,Yifan Yang
1076,BESIII Collaboration  X. L. Wang
1077,P. Wilcox
1078,Y. Schelhaas
1079,Shiyao Zhu
1080,J. H. Feng
1081,Franz Roters
1082,BESIII Collaboration  Xiaoyu Zhou
1083,BESIII Collaboration  J. S. Yu
1084,L. Yuan
1085,BESIII Collaboration  S. Marcello
1086,BESIII Collaboration  Y. H. Yang
1087,BESIII Collaboration  M. N. Achasov
1088,BESIII Collaboration  W. L. Chang
1089,Warren Nadvornick
1090,D. L. Abernathy
1091,A. I. Tarnovsky
1092,L. Gong
1093,Rio Yokota
1094,BESIII Collaboration  Q. Zhao
1095,S. Iyengar
1096,X. Y. Shen
1097,16 and 11  G. H. Sembroski
1098,BESIII Collaboration  X. L. Kang
1099,Zongliang Hu
1100,Sergio Ortiz Rojas
1101,Andrew Edmonds
1102,R. Baldini Ferroli
1103,H. Sakai
1104,Jacques Flouquet
1105,J. Bloms
1106,Xinxin Zhu
1107,X. R. Zhou
1108,BESIII Collaboration  X. M. Li
1109,Y. Z. Sun
1110,BESIII Collaboration  E. Fioravanti
1111,Y. Wang
1112,BESIII Collaboration  Y. T. Zhang
1113,S. Pacetti
1114,W. Wang
1115,BESIII Collaboration  X. C. Lou
1116,Y. P. Guo
1117,Georg Knebel
1118,BESIII Collaboration  L. Y. Liu
1119,Q. Zhou
1120,L. Y. Dong
1121,Q. Ouyang
1122,S. Jin
1123,BESIII Collaboration  J. Zhuang
1124,BESIII Collaboration  Y. H. Zhang
1125,Babak Sadigh
1126,BESIII Collaboration  A. Hafner
1127,STAR collaboration  Miroslav Krus
1128,BESIII Collaboration  Y. D. Wang
1129,BESIII Collaboration  J. B. Liu
1130,Akella Ravi Tej
1131,K. Farquhar
1132,V. I. Kolesnikov
1133,BESIII Collaboration  J Biernat
1134,BESIII Collaboration  G. X. Sun
1135,BESIII Collaboration  Jin Li
1136,16 and 11  S. O'Brien
1137,J. Kliman
1138,J. Manuel Perlado
1139,M. Scodeggio
1140,Philippe Devienne
1141,S. L. Niu
1142,N. D. Topilin
1143,BESIII Collaboration  Dan Wang
1144,K. Zhang
1145,Y. Zhang
1146,B. Wang
1147,BESIII Collaboration  A. Dbeyssi
1148,S. P. Wakely
1149,BESIII Collaboration  X. C. Dai
1150,Thomas D. Swinburne
1151,Tarancon
1152,S. Sakoda
1153,BESIII Collaboration  R. E. Mitchell
1154,Nelson Higuera
1155,X. Y. Shan
1156,Ciria
1157,M. Wolke
1158,BESIII Collaboration  Y. L. Han
1159,BESIII Collaboration  A. Pitka
1160,Levi Lucio
1161,X. A. Xiong
1162,J. Zhu
1163,I. V. Slepnev
1164,BESIII Collaboration  Y. Yang
1165,N. P. Yudin
1166,Z. H. Qin
1167,BESIII Collaboration  M. Richter
1168,BESIII Collaboration  D. Y. Wang
1169,Y. X. Yang
1170,P. L. Wang
1171,BESIII Collaboration  M. Papenbrock
1172,BESIII Collaboration  G. Chelkov
1173,Nikolai Gouliaev
1174,X. L. Li
1175,R. Farinelli
1176,BESIII Collaboration  A. Sarantsev
1177,Yoshichika Onuki
1178,BESIII Collaboration  B. Kloss
1179,X. S. Kang
1180,BESIII Collaboration  S. Qian
1181,BESIII Collaboration  J. P. Dai
1182,BESIII Collaboration  P. L. Wang
1183,BESIII Collaboration  I. Boyko
1184,BESIII Collaboration  Y. Pan
1185,Yale University  W. Emmet
1186,Boris M. Doubrov
1187,BESIII Collaboration  M. G. Kurth
1188,S. Qian
1189,Y. J. Mao
1190,T. Yu
1191,Y. Maeda
1192,Q. An
1193,Paul D. McNicholas
1194,BESIII Collaboration  W. P. Wang
1195,BESIII Collaboration  N. Qin
1196,Javier Mora
1197,BESIII Collaboration  A. Q. Guo
1198,BESIII Collaboration  Y. Xia
1199,W. D. Li
1200,X. R. Lyu
1201,Diana Bosio
1202,Q. L. Xiu
1203,C. V. Krishnamurthy
1204,David Woodruff
1205,BESIII Collaboration  F. Li
1206,16 and 11  M. Kertzman
1207,Niklas Karlsson
1208,BESIII Collaboration  Z. J. Sun
1209,Peter Hosemann
1210,Z. Y. Wang
1211,F. Feldbauer
1212,BESIII Collaboration  Ke Li
1213,BESIII Collaboration  L. Koch
1214,V. Prasad
1215,Y. K. Heng
1216,Wenlin Dai
1217,BESIII Collaboration  Y. P. Lu
1218,T. Lenz
1219,M. Greco
1220,J. P. C. Greenlees
1221,for the IceCube Collaboration  Takao Kuwabara
1222,BESIII Collaboration  T. Ma
1223,T. T. Han
1224,for the IceCube Collaboration  Serap Tilav
1225,Fu Li
1226,W. Y. Han
1227,J. L. Zhang
1228,J. F. Sun
1229,BESIII Collaboration  F. H. Heinsius
1230,Z. H. Lei
1231,BESIII Collaboration  W. G. Li
1232,16 and 11  I. Sadeh
1233,BESIII Collaboration  H. P. Cheng
1234,BESIII Collaboration  S. Spataro
1235,BESIII Collaboration  C. D. Fu
1236,H. J. Li
1237,BESIII Collaboration  Z. X. Meng
1238,R. E. Mitchell
1239,Olle Mulmo
1240,T. Z. Han
1241,BESIII Collaboration  X. S. Qin
1242,BESIII Collaboration  J. L. Ping
1243,BESIII Collaboration  X. Chen
1244,Z. Q. Liu
1245,X. Dong
1246,D. Enache
1247,C. Schnier
1248,Yale University  C. Baltay
1249,Y. Q. Wang
1250,Javier Marinković
1251,BESIII Collaboration  H. Y. Sheng
1252,BESIII Collaboration  K. Y. Liu
1253,Badoni
1254,J. G. Messchendorp
1255,BESIII Collaboration  Ke Liu
1256,BESIII Collaboration  Y. Wang
1257,BESIII Collaboration  T. Hussain
1258,Y. X. Zhao Zhao
1259,S. Jaeger
1260,A. K. Kurilkin
1261,Fraser T. Watson
1262,H. M. Liu
1263,BESIII Collaboration  P. F. Duan
1264,BESIII Collaboration  Q. Q. Song
1265,E. V. Chernykh
1266,Martin Diehl
1267,BESIII Collaboration  Z. G. Zhao
1268,T. Holtmann
1269,BESIII Collaboration  Z. Y. He
1270,W. Imoehl
1271,Yun Bai
1272,T. Hussain
1273,B. X. Yu
1274,BESIII Collaboration  R. Kappert
1275,James Casey
1276,BESIII Collaboration  X. T. Huang
1277,Q. A. Malik
1278,Thomas Mück
1279,Fernandez
1280,BESIII Collaboration  H. Loehner
1281,Z. Jiao
1282,BESIII Collaboration  K. Peters
1283,Jean-Christophe Sublet
1284,C. Zhong
1285,J. Popovichi
1286,Ronitt Rubinfeld
1287,BESIII Collaboration  Y. F. Long
1288,Tellez
1289,Marc G. Genton
1290,BESIII Collaboration  I. B. Nikolaev
1291,M. Richter
1292,BESIII Collaboration  O. B. Kolcu
1293,16 and 11  O. Hervet
1294,Richard McClatchey
1295,A. Kupsc
1296,Amir Nayyeri
1297,Y. Zeng
1298,BESIII Collaboration  J. W. Zhao
1299,16 and 11  N. Park
1300,BESIII Collaboration  P. L. Liu
1301,BESIII Collaboration  A. Mangoni
1302,Robert E. Rudd
1303,BESIII Collaboration  X. H. Sun
1304,Seung Ryong Park
1305,Chul Kim
1306,W. Ikegami Andersson
1307,Zahraa Fadel
1308,Munoz Sudupe
1309,Yu. V. Gurchin
1310,BESIII Collaboration  Y. P. Guo
1311,BESIII Collaboration  M. Albrecht
1312,X. Y. Liu
1313,Meijie Tang
1314,A. Amoroso
1315,A. M. Kondratenko
1316,16 and 11  G. Hughes
1317,V. M. Slepnev
1318,Lisa Ventelon
1319,S. X. Du
1320,T. Saito
1321,BESIII Collaboration  T. Lenz
1322,Faheel Hashmi
1323,M. A. Kondratenko
1324,Y. Fang
1325,BESIII Collaboration  H. H. Liu
1326,BESIII Collaboration  O. Cakir
1327,L. M. Gu
1328,H. P. Peng
1329,A. N. Khrenov
1330,BESIII Collaboration  J. Z. Bai
1331,Nicu Sebe
1332,Ch. Rosner
1333,V. A. Kizka
1334,Ville Nenonen
1335,16 and 11  S. Griffin
1336,J. J. Song
1337,M. H. Gu
1338,BESIII Collaboration  Q. L. Xiu
1339,BESIII Collaboration  L. S. Wang
1340,BESIII Collaboration  Y. Bai
1341,BESIII Collaboration  G. Wilkinson
1342,16 and 11  V. Bugaev
1343,Giacomo Po
1344,BESIII Collaboration  S. F. Zhang
1345,BESIII Collaboration  H. M. Hu
1346,BESIII Collaboration  F. Cossio
1347,M. Kurth
1348,BESIII Collaboration  B. S. Zou
1349,Vernon Asuncion
1350,BESIII Collaboration  S. S. Sun
1351,D. A. Williams
1352,G. Mezzadri
1353,Javier Garcia-Martin
1354,Yao Zhang
1355,J. H. Zou Top
1356,Gokul Raj R
1357,BESIII Collaboration  Y. H. Guan
1358,Christoph Meingast
1359,L. Pietronero
1360,A. Weinstein
1361,K. Liu
1362,H. X. Yang
1363,X. L. Ji
1364,BESIII Collaboration  T. Y. Xing
1365,Hyungjun Lee
1366,Ke Li
1367,16 and 11  H. Fleischhack
1368,BESIII Collaboration  Q. Ouyang
1369,BESIII Collaboration  F. De Mori
1370,J. B. Jiao
1371,BESIII Collaboration  F. Bianchi
1372,I. Balossino
1373,BESIII Collaboration  H. X. Yang
1374,D. X. Lin
1375,R. Hallgass
1376,BESIII Collaboration  J. Z. Zhang
1377,Y. H. Yan
1378,BESIII Collaboration  Li Zhou
1379,16 and 11  P. T. Reynolds
1380,16 and 11  N. Håkansson
1381,Kyle Kloster
1382,Shuai Liu
1383,A. V. Averyanov
1384,W. Shan
1385,BESIII Collaboration  M. X. Luo
1386,H. Okamura
1387,S. L. Yang
1388,BESIII Collaboration  J. L. Zhang
1389,BESIII Collaboration  Y. Lu
1390,BESIII Collaboration  N. Kalantar-Nayestanaki
1391,BESIII Collaboration  F. F. An
1392,C. Y Guan
1393,BESIII Collaboration  X. R. Zhou
1394,Z. G. Wang
1395,BESIII Collaboration  H. J. Yang
1396,BESIII Collaboration  P. Weidenkaff
1397,N. Sakamoto
1398,16 and 11  A. Furniss
1399,D. A. Charlebois
1400,Z. Wang
1401,Y. Bai
1402,BESIII Collaboration  R. P. Guo
1403,S. Nedev
1404,G. Felici
1405,16 and 11  W. Cui
1406,BESIII Collaboration  X. Y. Gao
1407,Sébastien Moretti
1408,Feng Liu
1409,Campos
1410,BESIII Collaboration  M. Wang
1411,BESIII Collaboration  M. Fritsch
1412,Jorge Pérez
1413,H. Boehm
1414,BESIII Collaboration  J. D. Lu
1415,L. S. Azhgirey
1416,"W. K""uhn"
1417,BESIII Collaboration  S. Sosio
1418,G. Zhao
1419,BESIII Collaboration  J. Libby
1420,H. Kato
1421,G. Martinska
1422,Johan Segers
1423,BESIII Collaboration  L. Sun
1424,BESIII Collaboration  H. Ye
1425,Ashiq Anjum
1426,BESIII Collaboration  Y. Qin
1427,BESIII Collaboration  Y. T. Liang
1428,S. Y. Li
1429,BESIII Collaboration  C. Schnier
1430,H. H. Zhang
1431,G. Yu
1432,BESIII Collaboration  B. X. Zhang
1433,M. Albrecht
1434,BESIII Collaboration  T. Li
1435,BESIII Collaboration  Yang Zhang
1436,BESIII Collaboration  S. H. Zhu
1437,J. Tang
1438,N. B. Ladygina
1439,O. Bakina
1440,Sophie Lemaitre
1441,Rajkumar Buyya
1442,William Kleiber
1443,T. Uesaka
1444,BESIII Collaboration  Lei Zhang
1445,BESIII Collaboration  J. Bloms
1446,BESIII Collaboration  A. Zhemchugov
1447,D. Dedovich
1448,D. H. Zhang
1449,Z. X. Meng
1450,d
1451,BESIII Collaboration  S. X. Du
1452,Nam Jung Hur
1453,BESIII Collaboration  Y. Guo
1454,X. P. Xu
1455,N. Uchigashima
1456,Z. J. Sun
1457,BESIII Collaboration  D. Xiao
1458,X. P. Qin
1459,D. Y. Liu
1460,W. L. Chang
1461,K. Goetzen
1462,V. V. Glagolev
1463,BESIII Collaboration  C. Li
1464,D. J. White
1465,A. V. Shutov
1466,BESIII Collaboration  X. F. Wang
1467,H. Muramatsu
1468,X. S. Qin
1469,X. Z. Huang
1470,Tuan L. Hoang
1471,BESIII Collaboration  J. F. Chang
1472,BESIII Collaboration  D. Y. Liu
1473,G. Rong
1474,BESIII Collaboration  O. Albayrak
1475,BESIII Collaboration  J. J. Xu
1476,BESIII Collaboration  Y. Fang
1477,Tom D. Swinburne
1478,Y. Lu
1479,S. Sakaguchi
1480,16 and 11  E. Pueschel
1481,David Cereceda
1482,Huang Huang
1483,Y. P. Huang
1484,V. I. Ivanov
1485,BESIII Collaboration  P. X. Shen
1486,S. H. Zhu
1487,BESIII Collaboration  Z. Wu
1488,I. Boyko
1489,BESIII Collaboration  M. Himmelreich
1490,BESIII Collaboration  G. Mezzadri
1491,H. L. Jiang
1492,Vinod Pankajakshan
1493,BESIII Collaboration  G. S. Varner
1494,L. Y. Liu
1495,BESIII Collaboration  X. Wang
1496,T. Y. Qi
1497,BESIII Collaboration  S. Leiber
1498,L. S. Zolin
1499,Z. Qian
1500,BESIII Collaboration  N. Cao
1501,S. Nisar
1502,16 and 11  J. L. Christiansen
1503,BESIII Collaboration  Y. Zheng
1504,G. F. Cao
1505,E. B. Plekhanov
1506,B. S. Zou
1507,Brian Lavallee
1508,BESIII Collaboration  J. Q. Zhang
1509,BESIII Collaboration  S. Lusso
1510,J. F. Shangguan
1511,BESIII Collaboration  Y. T Tan
1512,Yu. N. Filatov
1513,BESIII Collaboration  R. Farinelli
1514,M. R. An
1515,Pascal Lejay
1516,Felipe Tagle
1517,Q. J. Xu
1518,Erik A. van Doorn
1519,University of Oregon  N. Sinev
1520,A. N. Zhu
1521,V. Loreto
1522,Matthew J. Penn
1523,S. B. Iyengar
1524,BESIII Collaboration  P. R. Li
1525,D. Bettoni
1526,Hsing-Yin Chang
1527,Dean Flanders
1528,Lei Zhang
1529,L. Sun
1530,P. Adlarson
1531,BESIII Collaboration  S. Jin
1532,BESIII Collaboration  J. Zhu
1533,BESIII Collaboration  Q. N. Xu
1534,R. Aliberti
1535,W. J. Zhu
1536,Leili Gharaee
1537,A. Guskov
1538,H. Y. Sheng
1539,W. S. Cheng
1540,BESIII Collaboration  J. Chai
1541,W. Cheng
1542,16 and 11  J. P. Finley
1543,Pech
1544,BESIII Collaboration  Yi Zhang
1545,BESIII Collaboration  G. S. Huang
1546,Mary Lai O. Salvaña
1547,X. Y. Ma
1548,R. T. Ma
1549,BESIII Collaboration  M. G. Zhao
1550,H. R. Qi
1551,BESIII Collaboration  M. Kavatsyuk
1552,X. H. Mo
1553,T. Johansson
1554,16 and 11  D. Staszak
1555,BESIII Collaboration  L. Xia
1556,M. Ablikim
1557,Tal Wagner
1558,F. Weidner
1559,Mika Silander
1560,Q. Q. Song
1561,Hisashi Kotegawa
1562,X. H. Li
1563,Y. K. Sun
1564,16 and 11  L. Fortson
1565,BESIII Collaboration  W. D. Li
1566,BESIII Collaboration  M. Maggiora
1567,BESIII Collaboration  W. Ikegami Andersson
1568,Pierre Boulet
1569,Z. L. Hou
1570,C. N. Saunders
1571,M. Destefanis
1572,J. Q. Zhang
1573,JPL-Caltech  J. L. Pineda
1574,BESIII Collaboration  M. Wolke
1575,W. Xu
1576,BESIII Collaboration  M. Irshad
1577,Geoffrey H. Campbell
1578,BESIII Collaboration
1579,H. Witala
1580,BESIII Collaboration  U. Wiedner
1581,Gonzalez Arroyo
1582,Rikio Settai
1583,P. T. Ge
1584,F. X. Lu
1585,BESIII Collaboration  K. Ravindran
1586,L. Yan
1587,BESIII Collaboration  W. Gradl
1588,Nicolas Salamin
1589,T. J. Min
1590,BESIII Collaboration  J. Y. Liu
1591,J. F. Chang
1592,BESIII Collaboration  Q. A. Malik
1593,Timothy D. Goodrich
1594,A. I. Malakhov
1595,BESIII Collaboration  S. L. Niu
1596,H. L. Ma
1597,BESIII Collaboration  D. Y. Chen
1598,M. Lellmann
1599,BESIII Collaboration  N. Huesken
1600,BESIII Collaboration  C. F. Qiao
1601,BESIII Collaboration  Y. S. Zhu
1602,Pavel Krupskii
1603,BESIII Collaboration  X. Y. Zhou
1604,W. Y. Sun
1605,M. Ye
1606,Dai Aoki
1607,W. Kühn
1608,X. C. Dai
1609,Luis A. Sandoval
1610,L. P. Zhou
1611,Yi Zhang
1612,W. H. Wang
1613,David Keyes
1614,Hsin-Cheng Huang
1615,Ali Vakilian
1616,V. A. Kashirin
1617,BESIII Collaboration  S. Han
1618,Sariel Har-Peled
1619,S. Zhang
1620,BESIII Collaboration  S. L. Olsen
1621,K. L. He
1622,Nasr Ghoniem
1623,BESIII Collaboration  F. H. Liu
1624,David E. Keyes
1625,Jerome P. Nilmeier
1626,BESIII Collaboration  A. Guskov
1627,BESIII Collaboration  H. Liang
1628,BESIII Collaboration  Y. N. Pu
1629,BESIII Collaboration  C. W. Wang
1630,BESIII Collaboration  X. Xia
1631,BESIII Collaboration  M. Pelizaeus
1632,BESIII Collaboration  K. Wang
1633,BESIII Collaboration  M. M. Ma
1634,BESIII Collaboration  J. J. Song
1635,BESIII Collaboration  M. Ripka
1636,16 and 11  M. Pohl
1637,X. Y. Song
1638,BESIII Collaboration  S. Maldaner
1639,C. X. Lin
1640,K. Begzsuren
1641,BESIII Collaboration  E. Boger
1642,BESIII Collaboration  A. Julin
1643,X. K. Zhou
1644,BESIII Collaboration  K. Li
1645,Shirsendu Sukanta Halder
1646,1 and 2  Radoslaw C. Bialczak
1647,16 and 11  K. Byrum
1648,Luis Sandoval
1649,BESIII Collaboration  M. Rolo
1650,X. Wang
1651,BESIII Collaboration  N. Berger
1652,H. Li
1653,BESIII Collaboration  H. Muramatsu
1654,P. R. Li
1655,III William A. Goddard
1656,G. Cibinetto
1657,Y. F. Wang
1658,16 and 11  S. Kumar
1659,Gavin McCance
1660,BESIII Collaboration  K. Begzsuren
1661,J. Chai
1662,Y. J. Xiao
1663,BESIII Collaboration  G. M. Huang
1664,Xu Zhou
1665,Merav Parter
1666,BESIII Collaboration  C. H. Li
1667,BESIII Collaboration  Z. G. Wang
1668,I. E. Vnukov
1669,16 and 11  M. K. Daniel
1670,BESIII Collaboration  Feng Liu
1671,J. Fang
1672,Alexander Litvinenko
1673,Raphael Huser
1674,B. C. Ke
1675,M. Qi
1676,BESIII Collaboration  P. Adlarson
1677,BESIII Collaboration  L. Gong
1678,J. V. Tucci
1679,M. Papenbrock
1680,Y. Liu
1681,BESIII Collaboration  X. L. Luo
1682,Hirofumi Namatame
1683,Y. D. Wang
1684,BESIII Collaboration  T. Held
1685,BESIII Collaboration  T. J. Zhang
1686,Joni Hahkala
1687,BESIII Collaboration  G. Y. Tang
1688,Ke Liu
1689,A. P. Tzvinev
1690,BESIII Collaboration  M. Kurth
1691,J. -T. Karachuk
1692,BESIII Collaboration  H. Y. Zhang
1693,J. H. Palmieri
1694,A. Calcaterra
1695,J. Chen
1696,BESIII Collaboration  B. L. Wang
1697,BESIII Collaboration  W. L. Yuan
1698,F. Bianchi
1699,16 and 11  A. N. Otte
1700,16 and 11  S. Koushiappas
1701,Z. L. Dou
1702,Nikhil Chandra Admal
1703,1 and 2  Erik Lucero
1704,BESIII Collaboration  Z. Gao
1705,S. Sosio
1706,Peter Brezany
1707,P. A. Rukoyatkin
1708,16 and 11  P. Kaaret
1709,J. Q. Li
1710,H. J. Lu
1711,C. D. Fu
1712,V. Rodin
1713,BESIII Collaboration  Z. Y. You
1714,BESIII Collaboration  B. Kopf
1715,L. K. Li
1716,BESIII Collaboration  Z. Y. Li
1717,BESIII Collaboration  C. Morales Morales
1718,K. X. Su
1719,BESIII Collaboration  A. Denig
1720,Frederic Hardy
1721,W. C. Yan
1722,M. L. Chen
1723,BESIII Collaboration  A. Mustafa
1724,M. -Cosmin Marinica
1725,Y. B. Zhao
1726,BESIII Collaboration  S. J. Chen
1727,K. J. Zhu
1728,T. J. Zhang
1729,BESIII Collaboration  C. X. Yue
1730,H. C. Shi
1731,X. Liu
1732,BESIII Collaboration  C. Q. Feng
1733,S. Lusso
1734,X. H. Bai
1735,BESIII Collaboration  G. Zhao
1736,L. Liu
1737,Blair D. Sullivan
1738,T. Sun
1739,William Knafo
1740,R. M. Wang
1741,BESIII Collaboration  Q. W. Zhao
1742,BESIII Collaboration  S. H. Zhang
1743,BESIII Collaboration  H. L Liu
1744,BESIII Collaboration  M. Kornicer
1745,BESIII Collaboration  A. Khoukaz
1746,X. Y. Jiang
1747,U. Wiedner
1748,BESIII Collaboration  Cheng Li
1749,BESIII Collaboration  M. Z. Wang
1750,BESIII Collaboration  G. F. Xu
1751,BESIII Collaboration  Q. P. Ji
1752,K. Schoenning
1753,BESIII Collaboration  Y. J. Xiao
1754,BESIII Collaboration  X. Y. Song
1755,BESIII Collaboration  D. J. Ambrose
1756,BESIII Collaboration  P. Wang
1757,F. H. Liu
1758,BESIII Collaboration  V. Thoren
